Study_id,Instance,Monomer_A,Monomer_B,Monomer_C,3HB_ratio,3HV_ratio,4HV_ratio,Mw,Units_Mw,Mn,Units_Mn,PDI,Shape,Diameter,Diameter_Units,Length,Units_Length,Thickness,Units_Thickness,Zeta_Potential,Units_Zeta_Potential,Additive1,Additive1_Name,Additive1_Percentage,Additive1_Use,Additive2_Name,Additive2_Percentage,Additive2_Use,Additive3_Name,Additive3_Percentage,Additive3_Use,Polymer_Percentage,Species_Name,Species_Group,Initial_Organism_Age,Units_Initial_Organism_Age,Initial_Organism_Size,Units_Initial_Organism_Size,Exposure_type,Media_type,Test_location,Tested_Concentration,Units_Tested_Concentration,Observation_Period,Units_Observation_Period,Exposure_Regime,EC_10,EC_10_Units,EC_20,EC_20_Units,EC_50,EC_50_Units,Toxic_Units,LC_50,LC_50_Units,LD_50,LD_50_Units,Mortality_Percentage,Body_Mass_Change_Percentage,Size_Increase,Size_Increase_Units,Number_of_Juveniles,Number_of_Cocoons,SGI_Percentage,Survival_rate_percentage,Normal_Plutei_Percentage,SGR,SGR_Units,WG,WG_Units,Plant_Height,Plant_Height_Units,Shoot_Biomass,Shoot_Biomass_Units,Foliar_C_N_ratio,Plant_Growth,Toxicity_Grade,Toxicity_Classification
1,1,3HB,,,100.0,0.0,0.0,,,,,,Nanoparticles,21.0,nm,,,,,,,No,,0.0,not_applicable,,0.0,not_applicable,,0.0,not_applicable,100.0,Mouse,Air_Breathing_Animals,,,,,Orally,,Lab,125.0,mg/kg,1.0,days,Acute,,,,,,,,,,1500.0,mg/kg,0.0,,,,,,,,,,,,,,,,,,,0,Non_Toxic
1,2,3HB,,,100.0,0.0,0.0,,,,,,Nanoparticles,21.0,nm,,,,,,,No,,0.0,not_applicable,,0.0,not_applicable,,0.0,not_applicable,100.0,Mouse,Air_Breathing_Animals,,,,,Orally,,Lab,250.0,mg/kg,1.0,days,Acute,,,,,,,,,,1500.0,mg/kg,0.0,,,,,,,,,,,,,,,,,,,0,Non_Toxic
1,3,3HB,,,100.0,0.0,0.0,,,,,,Nanoparticles,21.0,nm,,,,,,,No,,0.0,not_applicable,,0.0,not_applicable,,0.0,not_applicable,100.0,Mouse,Air_Breathing_Animals,,,,,Orally,,Lab,500.0,mg/kg,1.0,days,Acute,,,,,,,,,,1500.0,mg/kg,0.0,,,,,,,,,,,,,,,,,,,0,Non_Toxic
1,4,3HB,,,100.0,0.0,0.0,,,,,,Nanoparticles,21.0,nm,,,,,,,No,,0.0,not_applicable,,0.0,not_applicable,,0.0,not_applicable,100.0,Mouse,Air_Breathing_Animals,,,,,Orally,,Lab,1000.0,mg/kg,1.0,days,Acute,,,,,,,,,,1500.0,mg/kg,25.0,,,,,,,,,,,,,,,,,,,1,Moderately_Toxic
1,5,3HB,,,100.0,0.0,0.0,,,,,,Nanoparticles,21.0,nm,,,,,,,No,,0.0,not_applicable,,0.0,not_applicable,,0.0,not_applicable,100.0,Mouse,Air_Breathing_Animals,,,,,Orally,,Lab,1500.0,mg/kg,1.0,days,Acute,,,,,,,,,,1500.0,mg/kg,50.0,,,,,,,,,,,,,,,,,,,2,Toxic
1,6,3HB,,,100.0,0.0,0.0,,,,,,Nanoparticles,21.0,nm,,,,,,,No,,0.0,not_applicable,,0.0,not_applicable,,0.0,not_applicable,100.0,Mouse,Air_Breathing_Animals,,,,,Orally,,Lab,2000.0,mg/kg,1.0,days,Acute,,,,,,,,,,1500.0,mg/kg,75.0,,,,,,,,,,,,,,,,,,,2,Toxic
2,1,3HB,,,100.0,0.0,0.0,,,,,,Nanoparticles,198.7,nm,,,,,-18.2,mV,No,,0.0,not_applicable,,0.0,not_applicable,,0.0,not_applicable,100.0,Hydra_Viridissima,Aquatic_Organisms,,,,,Waterborne,Artificial_Freshwater,Lab,0.001,mg/L,8.0,days,Chronic,,,10.9,mg/L,,,,,,,,,,,,,,,,,,,,,,,,,,,0,Non_Toxic
2,2,3HB,,,100.0,0.0,0.0,,,,,,Nanoparticles,198.7,nm,,,,,-18.2,mV,No,,0.0,not_applicable,,0.0,not_applicable,,0.0,not_applicable,100.0,Hydra_Viridissima,Aquatic_Organisms,,,,,Waterborne,Artificial_Freshwater,Lab,0.01,mg/L,8.0,days,Chronic,,,10.9,mg/L,,,,,,,,,,,,,,,,,,,,,,,,,,,0,Non_Toxic
2,3,3HB,,,100.0,0.0,0.0,,,,,,Nanoparticles,198.7,nm,,,,,-18.2,mV,No,,0.0,not_applicable,,0.0,not_applicable,,0.0,not_applicable,100.0,Hydra_Viridissima,Aquatic_Organisms,,,,,Waterborne,Artificial_Freshwater,Lab,0.1,mg/L,8.0,days,Chronic,,,10.9,mg/L,,,,,,,,,,,,,,,,,,,,,,,,,,,0,Non_Toxic
2,4,3HB,,,100.0,0.0,0.0,,,,,,Nanoparticles,198.7,nm,,,,,-18.2,mV,No,,0.0,not_applicable,,0.0,not_applicable,,0.0,not_applicable,100.0,Hydra_Viridissima,Aquatic_Organisms,,,,,Waterborne,Artificial_Freshwater,Lab,1.0,mg/L,8.0,days,Chronic,,,10.9,mg/L,,,,,,,,,,,,,,,,,,,,,,,,,,,0,Non_Toxic
2,5,3HB,,,100.0,0.0,0.0,,,,,,Nanoparticles,198.7,nm,,,,,-18.2,mV,No,,0.0,not_applicable,,0.0,not_applicable,,0.0,not_applicable,100.0,Hydra_Viridissima,Aquatic_Organisms,,,,,Waterborne,Artificial_Freshwater,Lab,10.0,mg/L,8.0,days,Chronic,,,10.9,mg/L,,,,,,,,,,,,,,,,,,,,,,,,,,,1,Moderately_Toxic
3,1,3HB,3HV,,,0.0,0.0,,,,,,Granules,2.5,mm,3.0,mm,,,,,No,,0.0,not_applicable,,0.0,not_applicable,,0.0,not_applicable,85.0,Eisenia_Andrei,Terrestrial_Invertebrate,,,,,,Artificial_Soil,,1.0,g/kg,28.0,days,Chronic,,,,,,,,,,,,,,,,5.0566037735849,2.29755178907721,,,,,,,,,,,,,,0,Non_Toxic
3,2,3HB,3HV,,,0.0,0.0,,,,,,Granules,2.5,mm,3.0,mm,,,,,No,,0.0,not_applicable,,0.0,not_applicable,,0.0,not_applicable,85.0,Eisenia_Andrei,Terrestrial_Invertebrate,,,,,,Artificial_Soil,,5.0,g/kg,28.0,days,Chronic,,,,,,,,,,,,,,,,6.75471698113207,3.33333333333333,,,,,,,,,,,,,,0,Non_Toxic
3,3,3HB,3HV,,,0.0,0.0,,,,,,Granules,2.5,mm,3.0,mm,,,,,No,,0.0,not_applicable,,0.0,not_applicable,,0.0,not_applicable,85.0,Eisenia_Andrei,Terrestrial_Invertebrate,,,,,,Artificial_Soil,,25.0,g/kg,28.0,days,Chronic,,,,,,,,,,,,,,,,7.0188679245283,4.01129943502824,,,,,,,,,,,,,,0,Non_Toxic
3,4,3HB,3HV,,,0.0,0.0,,,,,,Granules,2.5,mm,3.0,mm,,,,,No,,0.0,not_applicable,,0.0,not_applicable,,0.0,not_applicable,85.0,Eisenia_Andrei,Terrestrial_Invertebrate,,,,,,Artificial_Soil,,125.0,g/kg,28.0,days,Chronic,,,,,,,,,,,,,,,,8.33962264150943,3.03201506591337,,,,,,,,,,,,,,0,Non_Toxic
3,5,3HB,3HV,,,0.0,0.0,,,,,,Granules,2.5,mm,3.0,mm,,,,,No,,0.0,not_applicable,,0.0,not_applicable,,0.0,not_applicable,85.0,Eisenia_Andrei,Terrestrial_Invertebrate,,,,,,Artificial_Soil,,1.0,g/kg,56.0,days,Chronic,,,,,,,,,,,,,73.2965009208103,,,,,,97.2366148531951,,,,,,,,,,,,0,Non_Toxic
3,6,3HB,3HV,,,0.0,0.0,,,,,,Granules,2.5,mm,3.0,mm,,,,,No,,0.0,not_applicable,,0.0,not_applicable,,0.0,not_applicable,85.0,Eisenia_Andrei,Terrestrial_Invertebrate,,,,,,Artificial_Soil,,5.0,g/kg,56.0,days,Chronic,,,,,,,,,,,,,76.2430939226519,,,,,,100.0,,,,,,,,,,,,0,Non_Toxic
3,7,3HB,3HV,,,0.0,0.0,,,,,,Granules,2.5,mm,3.0,mm,,,,,No,,0.0,not_applicable,,0.0,not_applicable,,0.0,not_applicable,85.0,Eisenia_Andrei,Terrestrial_Invertebrate,,,,,,Artificial_Soil,,25.0,g/kg,56.0,days,Chronic,,,,,,,,,,,,,84.1620626151012,,,,,,96.8911917098445,,,,,,,,,,,,0,Non_Toxic
3,8,3HB,3HV,,,0.0,0.0,,,,,,Granules,2.5,mm,3.0,mm,,,,,No,,0.0,not_applicable,,0.0,not_applicable,,0.0,not_applicable,85.0,Eisenia_Andrei,Terrestrial_Invertebrate,,,,,,Artificial_Soil,,125.0,g/kg,56.0,days,Chronic,,,,,,,,,,,,,67.7716390423572,,,,,,100.0,,,,,,,,,,,,1,Moderately_Toxic
4,1,3HB,,,100.0,0.0,0.0,350200.0,g/mol,299316.2393162393,,1.17,Film,,,,,0.15,mm,,,No,,0.0,not_applicable,,0.0,not_applicable,,0.0,not_applicable,100.0,Sinapis_Alba_L,Terrestrial_Plant,,,,,Soil,Standard_soil_with_5_compost,Lab,,,3.0,days,Acute,,,,,,,,,,,,,,,,,,-98.96,,,,,,,,,,,,,0,Non_Toxic
4,2,3HB,,,100.0,0.0,0.0,350200.0,g/mol,299316.2393162393,,1.17,Film,,,,,0.15,mm,,,Yes,PHA,50.0,Plasticizer,GS_L,0.0,Natural_Antioxidant,Joncryl_ADR_4468,2.0,Chain_Extender,50.0,Sinapis_Alba_L,Terrestrial_Plant,,,,,Soil,Standard_soil_with_5_compost,Lab,,,3.0,days,Acute,,,,,,,,,,,,,,,,,,-99.45,,,,,,,,,,,,,0,Non_Toxic
4,3,3HB,,,100.0,0.0,0.0,350200.0,g/mol,299316.2393162393,,1.17,Film,,,,,0.15,mm,,,Yes,PHA,48.5,Plasticizer,GS_L,1.0,Natural_Antioxidant,Joncryl_ADR_4468,2.0,Chain_Extender,48.5,Sinapis_Alba_L,Terrestrial_Plant,,,,,Soil,Standard_soil_with_5_compost,Lab,,,3.0,days,Acute,,,,,,,,,,,,,,,,,,-98.99,,,,,,,,,,,,,0,Non_Toxic
4,4,3HB,,,100.0,0.0,0.0,350200.0,g/mol,299316.2393162393,,1.17,Film,,,,,0.15,mm,,,Yes,PHA,46.5,Plasticizer,GS_L,5.0,Natural_Antioxidant,Joncryl_ADR_4468,2.0,Chain_Extender,46.5,Sinapis_Alba_L,Terrestrial_Plant,,,,,Soil,Standard_soil_with_5_compost,Lab,,,3.0,days,Acute,,,,,,,,,,,,,,,,,,-99.72,,,,,,,,,,,,,0,Non_Toxic
4,5,3HB,,,100.0,0.0,0.0,350200.0,g/mol,299316.2393162393,,1.17,Film,,,,,0.15,mm,,,Yes,PHA,44.0,Plasticizer,GS_L,10.0,Natural_Antioxidant,Joncryl_ADR_4468,2.0,Chain_Extender,44.0,Sinapis_Alba_L,Terrestrial_Plant,,,,,Soil,Standard_soil_with_5_compost,Lab,,,3.0,days,Acute,,,,,,,,,,,,,,,,,,-99.54,,,,,,,,,,,,,0,Non_Toxic
4,6,3HB,,,100.0,0.0,0.0,350200.0,g/mol,299316.2393162393,,1.17,Film,,,,,0.15,mm,,,No,,0.0,not_applicable,,0.0,not_applicable,,0.0,not_applicable,100.0,Sinapis_Alba_L,Terrestrial_Plant,,,,,Soil,Standard_soil_with_10_compost,Lab,,,3.0,days,Acute,,,,,,,,,,,,,,,,,,-99.81,,,,,,,,,,,,,0,Non_Toxic
4,7,3HB,,,100.0,0.0,0.0,350200.0,g/mol,299316.2393162393,,1.17,Film,,,,,0.15,mm,,,Yes,PHA,50.0,Plasticizer,GS_L,0.0,Natural_Antioxidant,Joncryl_ADR_4468,2.0,Chain_Extender,50.0,Sinapis_Alba_L,Terrestrial_Plant,,,,,Soil,Standard_soil_with_10_compost,Lab,,,3.0,days,Acute,,,,,,,,,,,,,,,,,,-99.56,,,,,,,,,,,,,0,Non_Toxic
4,8,3HB,,,100.0,0.0,0.0,350200.0,g/mol,299316.2393162393,,1.17,Film,,,,,0.15,mm,,,Yes,PHA,48.5,Plasticizer,GS_L,1.0,Natural_Antioxidant,Joncryl_ADR_4468,2.0,Chain_Extender,48.5,Sinapis_Alba_L,Terrestrial_Plant,,,,,Soil,Standard_soil_with_10_compost,Lab,,,3.0,days,Acute,,,,,,,,,,,,,,,,,,-99.25,,,,,,,,,,,,,0,Non_Toxic
4,9,3HB,,,100.0,0.0,0.0,350200.0,g/mol,299316.2393162393,,1.17,Film,,,,,0.15,mm,,,Yes,PHA,46.5,Plasticizer,GS_L,5.0,Natural_Antioxidant,Joncryl_ADR_4468,2.0,Chain_Extender,46.5,Sinapis_Alba_L,Terrestrial_Plant,,,,,Soil,Standard_soil_with_10_compost,Lab,,,3.0,days,Acute,,,,,,,,,,,,,,,,,,-99.85,,,,,,,,,,,,,0,Non_Toxic
4,10,3HB,,,100.0,0.0,0.0,350200.0,g/mol,299316.2393162393,,1.17,Film,,,,,0.15,mm,,,Yes,PHA,44.0,Plasticizer,GS_L,10.0,Natural_Antioxidant,Joncryl_ADR_4468,2.0,Chain_Extender,44.0,Sinapis_Alba_L,Terrestrial_Plant,,,,,Soil,Standard_soil_with_10_compost,Lab,,,3.0,days,Acute,,,,,,,,,,,,,,,,,,-99.88,,,,,,,,,,,,,0,Non_Toxic
5,1,3HB,,,100.0,0.0,0.0,,,,,,,,,,,,,,,No,,0.0,not_applicable,,0.0,not_applicable,,0.0,not_applicable,100.0,Paracentrotus_Lividus_Larvae,Aquatic_Organisms,,,218.0,μm,,Filtered_Natural_Seawater,Lab,0.33,g/L,2.0,days,Acute,,,,,27.0,%_leachate,3.7,,,,,,,279.435483870967,μm,,,,,,,,,,,,,,,,0,Non_Toxic
5,2,3HB,,,100.0,0.0,0.0,,,,,,,,,,,,,,,No,,0.0,not_applicable,,0.0,not_applicable,,0.0,not_applicable,100.0,Paracentrotus_Lividus_Larvae,Aquatic_Organisms,,,218.0,μm,,Filtered_Natural_Seawater,Lab,1.0,g/L,2.0,days,Acute,,,,,27.0,%_leachate,3.7,,,,,,,270.967741935483,μm,,,,,,,,,,,,,,,,0,Non_Toxic
5,3,3HB,,,100.0,0.0,0.0,,,,,,,,,,,,,,,No,,0.0,not_applicable,,0.0,not_applicable,,0.0,not_applicable,100.0,Paracentrotus_Lividus_Larvae,Aquatic_Organisms,,,218.0,μm,,Filtered_Natural_Seawater,Lab,3.33,g/L,2.0,days,Acute,,,,,27.0,%_leachate,3.7,,,,,,,77.4193548387096,μm,,,,,,,,,,,,,,,,1,Moderately_Toxic
5,4,3HB,,,100.0,0.0,0.0,,,,,,,,,,,,,,,No,,0.0,not_applicable,,0.0,not_applicable,,0.0,not_applicable,100.0,Paracentrotus_Lividus_Larvae,Aquatic_Organisms,,,218.0,μm,,Filtered_Natural_Seawater,Lab,10.0,g/L,2.0,days,Acute,,,,,27.0,%_leachate,3.7,,,,,,,13.3064516129031,μm,,,,,,,,,,,,,,,,1,Moderately_Toxic
6,1,3HB,,,100.0,0.0,0.0,,,,,,Spherical,1.25,μm,,,,,,,No,,0.0,not_applicable,,0.0,not_applicable,,0.0,not_applicable,100.0,Litopenaeus_Vannamei,Aquatic_Organisms,,,,,Waterborne,Disinfected_Seawater,Lab,100.0,mg/L,4.0,days,Acute,,,,,,,,1000.0,mg/L,,,,,,,,,,,,,,,,,,,,,,0,Non_Toxic
6,2,3HB,,,100.0,0.0,0.0,,,,,,Spherical,1.25,μm,,,,,,,No,,0.0,not_applicable,,0.0,not_applicable,,0.0,not_applicable,100.0,Litopenaeus_Vannamei,Aquatic_Organisms,,,,,Waterborne,Disinfected_Seawater,Lab,500.0,mg/L,4.0,days,Acute,,,,,,,,1000.0,mg/L,,,,,,,,,,,,,,,,,,,,,,0,Non_Toxic
6,3,3HB,,,100.0,0.0,0.0,,,,,,Spherical,1.25,μm,,,,,,,No,,0.0,not_applicable,,0.0,not_applicable,,0.0,not_applicable,100.0,Litopenaeus_Vannamei,Aquatic_Organisms,,,,,Waterborne,Disinfected_Seawater,Lab,1000.0,mg/L,4.0,days,Acute,,,,,,,,1000.0,mg/L,,,,,,,,,,,,,,,,,,,,,,0,Non_Toxic
6,4,3HB,,,100.0,0.0,0.0,,,,,,Spherical,1.25,μm,,,,,,,No,,0.0,not_applicable,,0.0,not_applicable,,0.0,not_applicable,100.0,Litopenaeus_Vannamei,Aquatic_Organisms,,,12.3,g,Dietary,Disinfected_Seawater,Lab,0.5,g/kg,60.0,days,Chronic,,,,,,,,,,,,,,,,,,,87.5,,1.45,%/day,109.1,%,,,,,,,0,Non_Toxic
6,5,3HB,,,100.0,0.0,0.0,,,,,,Spherical,1.25,μm,,,,,,,No,,0.0,not_applicable,,0.0,not_applicable,,0.0,not_applicable,100.0,Litopenaeus_Vannamei,Aquatic_Organisms,,,12.3,g,Dietary,Disinfected_Seawater,Lab,1.0,g/kg,60.0,days,Chronic,,,,,,,,,,,,,,,,,,,86.7,,1.34,%/day,96.0,%,,,,,,,1,Moderately_Toxic
6,6,3HB,,,100.0,0.0,0.0,,,,,,Spherical,1.25,μm,,,,,,,No,,0.0,not_applicable,,0.0,not_applicable,,0.0,not_applicable,100.0,Litopenaeus_Vannamei,Aquatic_Organisms,,,12.3,g,Dietary,Disinfected_Seawater,Lab,2.0,g/kg,60.0,days,Chronic,,,,,,,,,,,,,,,,,,,82.3,,1.34,%/day,83.3,%,,,,,,,1,Moderately_Toxic
7,1,3HB,,,,0.0,0.0,195000.0,g/mol,114035.08771929824,,1.71,,,,,,,,,,No,,0.0,not_applicable,,0.0,not_applicable,,0.0,not_applicable,100.0,Artemia_Franciscana,Aquatic_Organisms,,,,,Waterborne,Diluted_biodegraded_natural_seawater,Lab,250.0,ml/L,1.0,days,Acute,,,,,,,,,,,,,,,,,,,100.0,,,,,,,,,,,,0,Non_Toxic
7,2,3HB,3HV,4HV,87.0,12.0,1.0,163000.0,g/mol,82323.23232323233,,1.98,,,,,,,,,,No,,0.0,not_applicable,,0.0,not_applicable,,0.0,not_applicable,100.0,Artemia_Franciscana,Aquatic_Organisms,,,,,Waterborne,Diluted_biodegraded_natural_seawater,Lab,250.0,ml/L,1.0,days,Acute,,,,,,,,,,,,,,,,,,,100.0,,,,,,,,,,,,0,Non_Toxic
7,3,3HB,,,,0.0,0.0,195000.0,g/mol,114035.08771929824,,1.71,,,,,,,,,,No,,0.0,not_applicable,,0.0,not_applicable,,0.0,not_applicable,100.0,Artemia_Franciscana,Aquatic_Organisms,,,,,Waterborne,Diluted_biodegraded_natural_seawater,Lab,500.0,ml/L,1.0,days,Acute,,,,,,,,,,,,,,,,,,,93.0,,,,,,,,,,,,0,Non_Toxic
7,4,3HB,3HV,4HV,87.0,12.0,1.0,163000.0,g/mol,82323.23232323233,,1.98,,,,,,,,,,No,,0.0,not_applicable,,0.0,not_applicable,,0.0,not_applicable,100.0,Artemia_Franciscana,Aquatic_Organisms,,,,,Waterborne,Diluted_biodegraded_natural_seawater,Lab,500.0,ml/L,1.0,days,Acute,,,,,,,,,,,,,,,,,,,100.0,,,,,,,,,,,,0,Non_Toxic
7,5,3HB,,,,0.0,0.0,195000.0,g/mol,114035.08771929824,,1.71,,,,,,,,,,No,,0.0,not_applicable,,0.0,not_applicable,,0.0,not_applicable,100.0,Artemia_Franciscana,Aquatic_Organisms,,,,,Waterborne,Diluted_biodegraded_synthetic_seawater,Lab,250.0,ml/L,1.0,days,Acute,,,,,,,,,,,,,,,,,,,100.0,,,,,,,,,,,,0,Non_Toxic
7,6,3HB,3HV,4HV,87.0,12.0,1.0,163000.0,g/mol,82323.23232323233,,1.98,,,,,,,,,,No,,0.0,not_applicable,,0.0,not_applicable,,0.0,not_applicable,100.0,Artemia_Franciscana,Aquatic_Organisms,,,,,Waterborne,Diluted_biodegraded_synthetic_seawater,Lab,250.0,ml/L,1.0,days,Acute,,,,,,,,,,,,,,,,,,,97.0,,,,,,,,,,,,0,Non_Toxic
7,7,3HB,,,,0.0,0.0,195000.0,g/mol,114035.08771929824,,1.71,,,,,,,,,,No,,0.0,not_applicable,,0.0,not_applicable,,0.0,not_applicable,100.0,Artemia_Franciscana,Aquatic_Organisms,,,,,Waterborne,Diluted_biodegraded_synthetic_seawater,Lab,500.0,ml/L,1.0,days,Acute,,,,,,,,,,,,,,,,,,,100.0,,,,,,,,,,,,0,Non_Toxic
7,8,3HB,3HV,4HV,87.0,12.0,1.0,163000.0,g/mol,82323.23232323233,,1.98,,,,,,,,,,No,,0.0,not_applicable,,0.0,not_applicable,,0.0,not_applicable,100.0,Artemia_Franciscana,Aquatic_Organisms,,,,,Waterborne,Diluted_biodegraded_synthetic_seawater,Lab,500.0,ml/L,1.0,days,Acute,,,,,,,,,,,,,,,,,,,87.0,,,,,,,,,,,,0,Non_Toxic
8,1,3HB,3HV,,,0.0,0.0,,,,,,Particle,8.0,μm,,,,,,,No,,0.0,not_applicable,,0.0,not_applicable,,0.0,not_applicable,100.0,Zea_Mays,Terrestrial_Plant,,,,,Soil,Agricultural_soil,Lab,0.1,g/kg,56.0,days,Chronic,,,,,,,,,,,,,,,,,,,,,,,,,62.9,cm,2.51,g/plant,51.6,,1,Moderately_Toxic
8,2,3HB,3HV,,,0.0,0.0,,,,,,Particle,8.0,μm,,,,,,,No,,0.0,not_applicable,,0.0,not_applicable,,0.0,not_applicable,100.0,Zea_Mays,Terrestrial_Plant,,,,,Soil,Agricultural_soil,Lab,1.0,g/kg,56.0,days,Chronic,,,,,,,,,,,,,,,,,,,,,,,,,49.1,cm,1.78,g/plant,54.0,,1,Moderately_Toxic
8,3,3HB,3HV,,,0.0,0.0,,,,,,Particle,8.0,μm,,,,,,,No,,0.0,not_applicable,,0.0,not_applicable,,0.0,not_applicable,100.0,Zea_Mays,Terrestrial_Plant,,,,,Soil,Agricultural_soil,Lab,10.0,g/kg,56.0,days,Chronic,,,,,,,,,,,,,,,,,,,,,,,,,24.0,cm,0.7,g/plant,61.9,,2,Toxic
8,4,3HB,3HV,,,0.0,0.0,,,,,,Particle,8.0,μm,,,,,,,No,,0.0,not_applicable,,0.0,not_applicable,,0.0,not_applicable,100.0,Zea_Mays,Terrestrial_Plant,,,,,Soil,Agricultural_soil,Lab,100.0,g/kg,56.0,days,Chronic,,,,,,,,,,,,,,,,,,,,,,,,,24.3,cm,0.68,g/plant,73.8,,2,Toxic
9,1,3HB,,,100.0,0.0,0.0,,,,,,Nanoparticle,,,,,,,,,No,,0.0,not_applicable,,0.0,not_applicable,,0.0,not_applicable,100.0,Danio_Rerio,Aquatic_Organisms,,,,,Waterborne,Egg_water,Lab,6.25,μg/mL,4.0,days,Acute,,,,,,,,,,,,34.6031746031746,,,,,,,,,,,,,,,,,,,1,Moderately_Toxic
9,2,3HB,,,100.0,0.0,0.0,,,,,,Nanoparticle,,,,,,,,,No,,0.0,not_applicable,,0.0,not_applicable,,0.0,not_applicable,100.0,Danio_Rerio,Aquatic_Organisms,,,,,Waterborne,Egg_water,Lab,12.5,μg/mL,4.0,days,Acute,,,,,,,,,,,,24.4444444444444,,,,,,,,,,,,,,,,,,,1,Moderately_Toxic
9,3,3HB,,,100.0,0.0,0.0,,,,,,Nanoparticle,,,,,,,,,No,,0.0,not_applicable,,0.0,not_applicable,,0.0,not_applicable,100.0,Danio_Rerio,Aquatic_Organisms,,,,,Waterborne,Egg_water,Lab,25.0,μg/mL,4.0,days,Acute,,,,,,,,,,,,9.84126984126984,,,,,,,,,,,,,,,,,,,0,Non_Toxic
9,4,3HB,,,100.0,0.0,0.0,,,,,,Nanoparticle,,,,,,,,,No,,0.0,not_applicable,,0.0,not_applicable,,0.0,not_applicable,100.0,Danio_Rerio,Aquatic_Organisms,,,,,Waterborne,Egg_water,Lab,50.0,μg/mL,4.0,days,Acute,,,,,,,,,,,,15.2380952380952,,,,,,,,,,,,,,,,,,,1,Moderately_Toxic
9,5,3HB,,,100.0,0.0,0.0,,,,,,Nanoparticle,,,,,,,,,No,,0.0,not_applicable,,0.0,not_applicable,,0.0,not_applicable,100.0,Danio_Rerio,Aquatic_Organisms,,,,,Waterborne,Egg_water,Lab,100.0,μg/mL,4.0,days,Acute,,,,,,,,,,,,35.2380952380952,,,,,,,,,,,,,,,,,,,1,Moderately_Toxic
10,1,3HB,,,100.0,0.0,0.0,,,,,,Film,,,,,40.0,μm,,,Yes,PBAT,72.0,Polymer_Matrix,,0.0,not_applicable,,0.0,not_applicable,28.0,Lactuca_Sativa,Terrestrial_Plant,,,,,Mulch_extract,MS_plant_culture_medium_ME,Lab,,,28.0,days,Chronic,,,,,,,,,,,,,,,,,,,,,,,,,,,12.0,mg,,,1,Moderately_Toxic
10,2,3HB,,,100.0,0.0,0.0,,,,,,Film,,,,,40.0,μm,,,Yes,PBAT,72.0,Polymer_Matrix,,0.0,not_applicable,,0.0,not_applicable,28.0,Lycopersicon__Esculentum,Terrestrial_Plant,,,,,Mulch_extract,MS_plant_culture_medium_ME,Lab,,,21.0,days,Chronic,,,,,,,,,,,,,,,,,,,,,,,,,,,9.0,mg,,,1,Moderately_Toxic
11,1,3HB,,,100.0,0.0,0.0,257500.0,,103000.0,,2.5,Film,55.0,mm,,,1.0,mm,,,No,,0.0,not_applicable,,0.0,not_applicable,,0.0,not_applicable,100.0,Lepidium_Sativum,Terrestrial_Plant,,,,,Soil,Sandy_Soil,Lab,,,28.0,days,Chronic,,,,,,,,,,,,,,,,,,,,,,,,,,,,,,100.364963503649,0,Non_Toxic
11,2,3HB,,,100.0,0.0,0.0,257500.0,,103000.0,,2.5,Film,55.0,mm,,,1.0,mm,,,Yes,a_PHB,50.0,Flexibilizer,,0.0,not_applicable,,0.0,not_applicable,50.0,Lepidium_Sativum,Terrestrial_Plant,,,,,Soil,Sandy_Soil,Lab,,,28.0,days,Chronic,,,,,,,,,,,,,,,,,,,,,,,,,,,,,,102.554744525547,0,Non_Toxic
11,3,3HB,,,100.0,0.0,0.0,257500.0,,103000.0,,2.5,Film,55.0,mm,,,1.0,mm,,,Yes,PLLA,50.0,Structural,,0.0,not_applicable,,0.0,not_applicable,50.0,Lepidium_Sativum,Terrestrial_Plant,,,,,Soil,Sandy_Soil,Lab,,,28.0,days,Chronic,,,,,,,,,,,,,,,,,,,,,,,,,,,,,,99.6350364963503,0,Non_Toxic
11,4,3HB,,,100.0,0.0,0.0,257500.0,,103000.0,,2.5,Film,55.0,mm,,,1.0,mm,,,No,,0.0,not_applicable,,0.0,not_applicable,,0.0,not_applicable,100.0,Lepidium_Sativum,Terrestrial_Plant,,,,,Soil,Sandy_Soil,Lab,,,183.0,days,Chronic,,,,,,,,,,,,,,,,,,,,,,,,,,,,,,100.729927007299,0,Non_Toxic
11,5,3HB,,,100.0,0.0,0.0,257500.0,,103000.0,,2.5,Film,55.0,mm,,,1.0,mm,,,Yes,a_PHB,50.0,Flexibilizer,,0.0,not_applicable,,0.0,not_applicable,50.0,Lepidium_Sativum,Terrestrial_Plant,,,,,Soil,Sandy_Soil,Lab,,,183.0,days,Chronic,,,,,,,,,,,,,,,,,,,,,,,,,,,,,,102.189781021897,0,Non_Toxic
11,6,3HB,,,100.0,0.0,0.0,257500.0,,103000.0,,2.5,Film,55.0,mm,,,1.0,mm,,,Yes,PLLA,50.0,Structural,,0.0,not_applicable,,0.0,not_applicable,50.0,Lepidium_Sativum,Terrestrial_Plant,,,,,Soil,Sandy_Soil,Lab,,,183.0,days,Chronic,,,,,,,,,,,,,,,,,,,,,,,,,,,,,,103.649635036496,0,Non_Toxic
11,7,3HB,,,100.0,0.0,0.0,257500.0,,103000.0,,2.5,Film,55.0,mm,,,1.0,mm,,,No,,0.0,not_applicable,,0.0,not_applicable,,0.0,not_applicable,100.0,Hordeum_Vulgare,Terrestrial_Plant,,,,,Soil,Sandy_Soil,Lab,,,28.0,days,Chronic,,,,,,,,,,,,,,,,,,,,,,,,,,,,,,100.729927007299,0,Non_Toxic
11,8,3HB,,,100.0,0.0,0.0,257500.0,,103000.0,,2.5,Film,55.0,mm,,,1.0,mm,,,Yes,a_PHB,50.0,Flexibilizer,,0.0,not_applicable,,0.0,not_applicable,50.0,Hordeum_Vulgare,Terrestrial_Plant,,,,,Soil,Sandy_Soil,Lab,,,28.0,days,Chronic,,,,,,,,,,,,,,,,,,,,,,,,,,,,,,102.189781021897,0,Non_Toxic
11,9,3HB,,,100.0,0.0,0.0,257500.0,,103000.0,,2.5,Film,55.0,mm,,,1.0,mm,,,Yes,PLLA,50.0,Structural,,0.0,not_applicable,,0.0,not_applicable,50.0,Hordeum_Vulgare,Terrestrial_Plant,,,,,Soil,Sandy_Soil,Lab,,,28.0,days,Chronic,,,,,,,,,,,,,,,,,,,,,,,,,,,,,,99.1107721147563,0,Non_Toxic
11,10,3HB,,,100.0,0.0,0.0,257500.0,,103000.0,,2.5,Film,55.0,mm,,,1.0,mm,,,No,,0.0,not_applicable,,0.0,not_applicable,,0.0,not_applicable,100.0,Hordeum_Vulgare,Terrestrial_Plant,,,,,Soil,Sandy_Soil,Lab,,,183.0,days,Chronic,,,,,,,,,,,,,,,,,,,,,,,,,,,,,,104.743537833524,0,Non_Toxic
11,11,3HB,,,100.0,0.0,0.0,257500.0,,103000.0,,2.5,Film,55.0,mm,,,1.0,mm,,,Yes,a_PHB,50.0,Flexibilizer,,0.0,not_applicable,,0.0,not_applicable,50.0,Hordeum_Vulgare,Terrestrial_Plant,,,,,Soil,Sandy_Soil,Lab,,,183.0,days,Chronic,,,,,,,,,,,,,,,,,,,,,,,,,,,,,,109.852939727669,0,Non_Toxic
11,12,3HB,,,100.0,0.0,0.0,257500.0,,103000.0,,2.5,Film,55.0,mm,,,1.0,mm,,,Yes,PLLA,50.0,Structural,,0.0,not_applicable,,0.0,not_applicable,50.0,Hordeum_Vulgare,Terrestrial_Plant,,,,,Soil,Sandy_Soil,Lab,,,183.0,days,Chronic,,,,,,,,,,,,,,,,,,,,,,,,,,,,,,105.109489051094,0,Non_Toxic
12,1,3HB,3HV,,93.5,6.5,0.0,,,,,,Spherical,62.82,μm,,,,,,,No,,0.0,not_applicable,,0.0,not_applicable,,0.0,not_applicable,100.0,Aliivibrio_Fischeri,Aquatic_Organisms,,,,,Waterborne,Artificial_Seawater,Lab,10.0,g/L,0.020833333333333336,days,Acute,684.6,mg/L,,,3942.3,mg/L,2.5,,,,,,,,,,,,,,,,,,,,,,,,0,Non_Toxic
12,2,3HB,3HV,,93.5,6.5,0.0,,,,,,Spherical,62.82,μm,,,,,,,No,,0.0,not_applicable,,0.0,not_applicable,,0.0,not_applicable,100.0,Rhodomonas_Salina,Aquatic_Organisms,,,,,Waterborne,Autoclaved_Seawater,Lab,1.0,g/L,3.0,days,Acute,6.5,mg/L,,,73.6,mg/L,13.6,,,,,,,,,,,,,,,,,,,,,,,,2,Toxic
12,3,3HB,3HV,,93.5,6.5,0.0,,,,,,Spherical,62.82,μm,,,,,,,No,,0.0,not_applicable,,0.0,not_applicable,,0.0,not_applicable,100.0,Paracentrotus_Lividus,Aquatic_Organisms,,,,,Waterborne,Artificial_Seawater,Lab,1.0,g/L,2.0,days,Acute,392.0,mg/L,,,931.8,mg/L,1.1,,,,,,,,,,,,,,,,,,,,,,,,0,Non_Toxic
12,4,3HB,3HV,,93.5,6.5,0.0,,,,,,Spherical,62.82,μm,,,,,,,No,,0.0,not_applicable,,0.0,not_applicable,,0.0,not_applicable,100.0,Mytilus_Galloprovincialis,Aquatic_Organisms,,,,,Waterborne,Filtered_Seawater,Lab,10.0,g/L,2.0,days,Acute,1557.6,mg/L,,,2647.0,mg/L,3.8,,,,,,,,,,,,,,,,,,,,,,,,1,Moderately_Toxic
12,5,3HB,3HV,,93.5,6.5,0.0,,,,,,Spherical,62.82,μm,,,,,,,No,,0.0,not_applicable,,0.0,not_applicable,,0.0,not_applicable,100.0,Acartia_Tonsa,Aquatic_Organisms,,,,,Waterborne,Artificial_Seawater,Lab,1.0,g/L,2.0,days,Acute,421.6,mg/L,,,657.0,mg/L,1.5,,,,,,,,,,,,,,,,,,,,,,,,0,Non_Toxic
13,1,3HB,,,100.0,0.0,0.0,,,,,,,,,,,,,,,No,,0.0,not_applicable,,0.0,not_applicable,,0.0,not_applicable,100.0,Paracentrotus_Lividus,Aquatic_Organisms,,,,,Orally,Filtered_Seawater,Controlled_Mesocosm_System,0.84,g/kg,42.0,days,Chronic,,,,,,,,,,,,0.0,,,,,,,,,,,,,,,,,,,0,Non_Toxic
13,2,3HB,,,100.0,0.0,0.0,,,,,,,,,,,,,,,No,,0.0,not_applicable,,0.0,not_applicable,,0.0,not_applicable,100.0,Paracentrotus_Lividus,Aquatic_Organisms,,,,,Orally,Filtered_Seawater,Controlled_Mesocosm_System,8.4,g/kg,42.0,days,Chronic,,,,,,,,,,,,64.2,,,,,,,,,,,,,,,,,,,2,Toxic
14,1,3HB,,,100.0,0.0,0.0,,,,,,,,,,,,,,,No,,0.0,not_applicable,,0.0,not_applicable,,0.0,not_applicable,100.0,Idotea_Balthica_Basteri,Aquatic_Organisms,,Months,,,Orally,Filtered_Seawater,Lab,0.84,g/kg,27.0,days,Chronic,,,,,,,,,,,,29.9999999999999,,,,,,,,,,,,,,,,,,,1,Moderately_Toxic
14,2,3HB,,,100.0,0.0,0.0,,,,,,,,,,,,,,,No,,0.0,not_applicable,,0.0,not_applicable,,0.0,not_applicable,100.0,Idotea_Balthica_Basteri,Aquatic_Organisms,,Months,,,Orally,Filtered_Seawater,Lab,8.4,g/kg,27.0,days,Chronic,,,,,,,,,,,,26.5853658536585,,,,,,,,,,,,,,,,,,,1,Moderately_Toxic
15,1,3HB,,,100.0,0.0,0.0,,,,,,Spherical,63.0,μm,,,,,,,No,,0.0,not_applicable,,0.0,not_applicable,,0.0,not_applicable,100.0,Lemna_Minor,Aquatic_Organisms,,,,,Waterborne,Steinberg_medium,Lab,10.0,mg/L,7.0,days,Chronic,,,,,,,,,,,,,,,,,,2.79,,,,,,,,,,,,,0,Non_Toxic
15,2,3HB,,,100.0,0.0,0.0,,,,,,Spherical,63.0,μm,,,,,,,No,,0.0,not_applicable,,0.0,not_applicable,,0.0,not_applicable,100.0,Lemna_Minor,Aquatic_Organisms,,,,,Waterborne,Steinberg_medium,Lab,50.0,mg/L,7.0,days,Chronic,,,,,,,,,,,,,,,,,,7.61,,,,,,,,,,,,,0,Non_Toxic
15,3,3HB,,,100.0,0.0,0.0,,,,,,Spherical,63.0,μm,,,,,,,No,,0.0,not_applicable,,0.0,not_applicable,,0.0,not_applicable,100.0,Lemna_Minor,Aquatic_Organisms,,,,,Waterborne,Steinberg_medium,Lab,100.0,mg/L,7.0,days,Chronic,,,,,,,,,,,,,,,,,,17.69,,,,,,,,,,,,,1,Moderately_Toxic
16,1,3HB,,,100.0,0.0,0.0,,,,,,Spherical,0.64,μm,,,,,,,No,,0.0,not_applicable,,0.0,not_applicable,,0.0,not_applicable,100.0,Paracentrotus_Lividus,Aquatic_Organisms,,,,,Waterborne,Filtered_Seawater,Lab,1.0,mg/L,2.0,days,Acute,,,,,,,,,,,,,,,,,,,,9.59502551020408,,,,,,,,,,,2,Toxic
16,2,3HB,,,100.0,0.0,0.0,,,,,,Spherical,0.64,μm,,,,,,,No,,0.0,not_applicable,,0.0,not_applicable,,0.0,not_applicable,100.0,Paracentrotus_Lividus,Aquatic_Organisms,,,,,Waterborne,Filtered_Seawater,Lab,5.0,mg/L,2.0,days,Acute,,,,,,,,,,,,,,,,,,,,13.2684948979591,,,,,,,,,,,2,Toxic
16,3,3HB,,,100.0,0.0,0.0,,,,,,Spherical,0.64,μm,,,,,,,No,,0.0,not_applicable,,0.0,not_applicable,,0.0,not_applicable,100.0,Paracentrotus_Lividus,Aquatic_Organisms,,,,,Waterborne,Filtered_Seawater,Lab,10.0,mg/L,2.0,days,Acute,,,,,,,,,,,,,,,,,,,,9.59502551020408,,,,,,,,,,,2,Toxic
17,1,3HB,,,100.0,0.0,0.0,,,,,,Film,40.0,μm,,,,,,,No,,0.0,not_applicable,,0.0,not_applicable,,0.0,not_applicable,100.0,Lactuca_Sativa,Terrestrial_Plant,,Months,,,Soil,Potting_Substrate,Lab,4.5,g/g,35.0,days,Chronic,,,,,,,,,,,,,,,,,,,,,,,,,,,7.79727095516574,mg,,,2,Toxic
17,2,3HB,,,100.0,0.0,0.0,,,,,,Film,40.0,μm,,,,,,,No,,0.0,not_applicable,,0.0,not_applicable,,0.0,not_applicable,100.0,Lycopersicon_Esculentum,Terrestrial_Plant,,Months,,,Soil,Potting_Substrate,Lab,4.5,g/g,49.0,days,Chronic,,,,,,,,,,,,,,,,,,,,,,,,,,,77.9727095516569,mg,,,2,Toxic
18,1,3HB,,,100.0,0.0,0.0,,,,,,Nanoparticles,75.0,nm,,,,,19.7,mV,No,,0.0,not_applicable,,0.0,not_applicable,,0.0,not_applicable,100.0,Anabaena_Sp.,Aquatic_Organisms,,,,,Waterborne,Freshwater_simulation,Lab,50.0,mg/L,3.0,days,Acute,,,,,139.0,mg/L,,,,,,,,,,,,,,,,,,,,,,,,,0,Non_Toxic
18,2,3HB,,,100.0,0.0,0.0,,,,,,Nanoparticles,75.0,nm,,,,,19.7,mV,No,,0.0,not_applicable,,0.0,not_applicable,,0.0,not_applicable,100.0,Chlamydomonas_Reinhardtii,Aquatic_Organisms,,,,,Waterborne,Freshwater_simulation,Lab,50.0,mg/L,3.0,days,Acute,,,,,54.6,mg/L,,,,,,,,,,,,,,,,,,,,,,,,,1,Moderately_Toxic
18,3,3HB,,,100.0,0.0,0.0,,,,,,Nanoparticles,75.0,nm,,,,,19.7,mV,No,,0.0,not_applicable,,0.0,not_applicable,,0.0,not_applicable,100.0,Daphnia_Magna,Aquatic_Organisms,,,,,Waterborne,Freshwater_simulation,Lab,50.0,mg/L,3.0,days,Acute,,,,,106.7,mg/L,,,,,,,,,,,,,,,,,,,,,,,,,1,Moderately_Toxic
19,1,3HB,,,100.0,0.0,0.0,,,,,,Microparticles,60.0,μm,,,,,,,No,,0.0,not_applicable,,0.0,not_applicable,,0.0,not_applicable,100.0,Daphnia_Magna,Aquatic_Organisms,Neonates,,,,Waterborne,Freshwater,Lab,150.0,mg/L,0.16666666666666666,days,Acute,50.0,mg/L,,,190.0,mg/L,,,,,,,,,,,,,,,,,,,,,,,,,0,Non_Toxic
20,1,3HB,4HV,,30.0,0.0,70.0,702.0,,7800.0,g/mol,0.09,Nanoparticles,160.0,nm,,,,,,,No,,0.0,not_applicable,,0.0,not_applicable,,0.0,not_applicable,100.0,Rattus_norvegicus,Air_Breathing_Animals,,,,,Orally,,Lab,2000.0,mg/kg,1.0,days,Acute,,,,,,,,,,2000.0,mg/kg,,,,,,,,,,,,,,,,,,,,0,Non_Toxic
20,2,3HB,4HV,,30.0,0.0,70.0,702.0,,7800.0,g/mol,0.09,Nanoparticles,160.0,nm,,,,,,,No,,0.0,not_applicable,,0.0,not_applicable,,0.0,not_applicable,100.0,Rattus_norvegicus,Air_Breathing_Animals,,g,,,Orally,,Lab,500.0,mg/kg/day,28.0,days,Chronic,,,,,,,,,,2000.0,mg/kg,,,,,,,,,,,,32.4096385542168,g,,,,,,,0,Non_Toxic
20,3,3HB,4HV,,30.0,0.0,70.0,702.0,,7800.0,g/mol,0.09,Nanoparticles,160.0,nm,,,,,,,No,,0.0,not_applicable,,0.0,not_applicable,,0.0,not_applicable,100.0,Rattus_norvegicus,Air_Breathing_Animals,,g,,,Orally,,Lab,1000.0,mg/kg/day,28.0,days,Chronic,,,,,,,,,,2000.0,mg/kg,,,,,,,,,,,,31.2048192771084,g,,,,,,,0,Non_Toxic
20,4,3HB,4HV,,30.0,0.0,70.0,702.0,,7800.0,g/mol,0.09,Nanoparticles,160.0,nm,,,,,,,No,,0.0,not_applicable,,0.0,not_applicable,,0.0,not_applicable,100.0,Rattus_norvegicus,Air_Breathing_Animals,,g,,,Orally,,Lab,2000.0,mg/kg/day,28.0,days,Chronic,,,,,,,,,,2000.0,mg/kg,,,,,,,,,,,,34.0963855421686,g,,,,,,,0,Non_Toxic
20,5,3HB,4HV,,30.0,0.0,70.0,702.0,,7800.0,g/mol,0.09,Nanoparticles,160.0,nm,,,,,,,No,,0.0,not_applicable,,0.0,not_applicable,,0.0,not_applicable,100.0,Rattus_norvegicus,Air_Breathing_Animals,,g,,,Orally,,Lab,500.0,mg/kg/day,28.0,days,Chronic,,,,,,,,,,2000.0,mg/kg,,,,,,,,,,,,41.1326983076062,g,,,,,,,0,Non_Toxic
20,6,3HB,4HV,,30.0,0.0,70.0,702.0,,7800.0,g/mol,0.09,Nanoparticles,160.0,nm,,,,,,,No,,0.0,not_applicable,,0.0,not_applicable,,0.0,not_applicable,100.0,Rattus_norvegicus,Air_Breathing_Animals,,g,,,Orally,,Lab,1000.0,mg/kg/day,28.0,days,Chronic,,,,,,,,,,2000.0,mg/kg,,,,,,,,,,,,41.7396372994081,g,,,,,,,0,Non_Toxic
20,7,3HB,4HV,,30.0,0.0,70.0,702.0,,7800.0,g/mol,0.09,Nanoparticles,160.0,nm,,,,,,,No,,0.0,not_applicable,,0.0,not_applicable,,0.0,not_applicable,100.0,Rattus_norvegicus,Air_Breathing_Animals,,g,,,Orally,,Lab,2000.0,mg/kg/day,28.0,days,Chronic,,,,,,,,,,2000.0,mg/kg,,,,,,,,,,,,48.8711704530812,g,,,,,,,0,Non_Toxic
21,1,3HB,3HV,,,0.0,0.0,,,,,,Nanoparticles,349.0,nm,,,,,-17.6,mV,Yes,Docetaxel,8.0,Drug,,0.0,not_applicable,,0.0,not_applicable,92.0,Mouse,Air_Breathing_Animals,,g,,,IV,,Lab,25.0,mg/kg,30.0,days,Chronic,,,,,,,,,,,,100.0,9.0,2.65,g,,,,,,,,,,,,,,,,0,Non_Toxic
